{

  "Routes": [
    {
      "DownstreamPathTemplate": "/api/product",
      "DownstreamScheme": "https",
      "DownstreamHostAndPorts": [
        {
          "Host": "localhost",
          "Port": 44337
        }
      ],
      "UpstreamPathTemplate": "/gateway/product",
      "UpstreamHttpMethod": [ "POST", "PUT", "GET" ]
    },
    {
      "DownstreamPathTemplate": "/api/product/{id}",
      "DownstreamScheme": "https",
      "DownstreamHostAndPorts": [
        {
          "Host": "localhost",
          "Port": 44337
        }
      ],
      "UpstreamPathTemplate": "/gateway/product/{id}",
      "UpstreamHttpMethod": [ "GET", "DELETE" ]
    },
    {
      "DownstreamPathTemplate": "/api/customer",
      "DownstreamScheme": "https",
      "DownstreamHostAndPorts": [
        {
          "Host": "localhost",
          "Port": 44373
        }
      ],
      "UpstreamPathTemplate": "/gateway/customer",
      "UpstreamHttpMethod": [ "POST", "PUT", "GET" ]
    },
    {
      "DownstreamPathTemplate": "/api/customer/{id}",
      "DownstreamScheme": "https",
      "DownstreamHostAndPorts": [
        {
          "Host": "localhost",
          "Port": 44373
        }
      ],
      "UpstreamPathTemplate": "/gateway/customer/{id}",
      "UpstreamHttpMethod": [ "GET", "DELETE" ]
    }
  ]

}